Title,Link
La Royal Air Maroc suspend son vol vers Marseille en raison des incendies,https://www.welovebuzz.com/la-royal-air-maroc-suspend-son-vol-vers-marseille-en-raison-des-incendies/
Nouvelle grille tarifaire pour le tramway de Rabat-Salé,https://www.welovebuzz.com/nouvelle-grille-tarifaire-pour-le-tramway-de-rabat-sale/
Le Maroc souhaite organiser la Coupe du Monde des Clubs 2029,https://www.welovebuzz.com/le-maroc-souhaite-organiser-la-coupe-du-monde-des-clubs-2029/
#JusticePourGhita : Un accident qui réveille les consciences,https://www.welovebuzz.com/justicepourghita-un-accident-qui-reveille-les-consciences/
Trottinettes électriques : le Maroc adopte des mesures pour une circulation sécurisée,https://www.welovebuzz.com/trottinettes-electriques-le-maroc-adopte-des-mesures-pour-une-circulation-securisee/
Le Maroc célèbre ses meilleurs lauréats du baccalauréat 2025,https://www.welovebuzz.com/le-maroc-celebre-ses-meilleurs-laureats-du-baccalaureat-2025/
De nouveaux radars intelligents au Maroc à partir du 16 juin,https://www.welovebuzz.com/de-nouveaux-radars-intelligents-au-maroc-a-partir-du-16-juin/
"Baccalauréat 2025 au Maroc : les résultats décryptés, les filles au top !",https://www.welovebuzz.com/baccalaureat-2025-au-maroc-les-resultats-decryptes-les-filles-au-top/
Les lions de l’atlas avancent vers le top 10 du classement FIFA,https://www.welovebuzz.com/les-lions-de-latlas-avancent-vers-le-top-10-du-classement-fifa/
Le divorce inattendu entre Donald Trump et Elon Musk,https://www.welovebuzz.com/le-divorce-inattendu-entre-donald-trump-et-elon-musk/
Festival Gnaoua et Musiques du Monde 2025 : un voyage musical inoubliable,https://www.welovebuzz.com/festival-gnaoua-et-musiques-du-monde-2025-un-voyage-musical-inoubliable/
Nostalgia Lovers : le festival qui va enflammer Casablanca !,https://www.welovebuzz.com/nostalgia-lovers-le-festival-qui-va-enflammer-casablanca/
MoBlack à Mawazine : l’afro house va faire trembler Rabat,https://www.welovebuzz.com/moblack-a-mawazine-lafro-house-va-faire-trembler-rabat/
Le Maroc se classe quatrième nationalité pour les demandes de visas Schengen,https://www.welovebuzz.com/le-maroc-se-classe-quatrieme-nationalite-pour-les-demandes-de-visas-schengen/
Le Real Madrid officialise Xabi Alonso comme entraîneur principal,https://www.welovebuzz.com/le-real-madrid-officialise-xabi-alonso-comme-entraineur-principal/
Un moment embarrassant pour Emmanuel et Brigitte Macron à Hanoï,https://www.welovebuzz.com/un-moment-embarrassant-pour-emmanuel-et-brigitte-macron-a-hanoi/
Vidéo : Quand un navire mexicain fait la rencontre du pont de Brooklyn,https://www.welovebuzz.com/video-quand-un-navire-mexicain-fait-la-rencontre-du-pont-de-brooklyn/
Luis Enrique et Achraf Hakimi : une image qui fait parler !,https://www.welovebuzz.com/luis-enrique-et-achraf-hakimi-une-image-qui-fait-parler/
Préparez-vous à vibrer avec le Festival Gnaoua et Musiques du Monde d’Essaouira 2025 !,https://www.welovebuzz.com/preparez-vous-a-vibrer-avec-le-festival-gnaoua-et-musiques-du-monde-dessaouira-2025/
Achraf Hakimi remporte le Prix Marc-Vivien Foé 2025,https://www.welovebuzz.com/achraf-hakimi-remporte-le-prix-marc-vivien-foe-2025/
Carlo Ancelotti et Real Madrid : le divorce après le clasico ?,https://www.welovebuzz.com/carlo-ancelotti-et-real-madrid-le-divorce-apres-le-clasico/
